-- Insert de données pour des tests

INSERT INTO COMPTE (ID, NUMERO, NUMERO_AMORTISSEMENT, NOM_COMMUNE)
VALUES (0, '0011111111', '1111111111', 'Bob');
INSERT INTO COMPTE (ID, NUMERO, NUMERO_AMORTISSEMENT, NOM_COMMUNE)
VALUES (1, '0011111112', '1111111112', 'Bob');
INSERT INTO COMPTE (ID, NUMERO, NUMERO_AMORTISSEMENT, NOM_COMMUNE)
VALUES (2, '0011111113', '1111111113', 'Cobub');
INSERT INTO COMPTE (ID, NUMERO, NUMERO_AMORTISSEMENT, NOM_COMMUNE)
VALUES (3, '0011111114', '1111111114', 'Zbob');
INSERT INTO COMPTE (ID, NUMERO, NUMERO_AMORTISSEMENT, NOM_COMMUNE)
VALUES (4, '0011111115', '1111111115', 'Hohohoh');
INSERT INTO COMPTE (ID, NUMERO, NUMERO_AMORTISSEMENT, NOM_COMMUNE)
VALUES (5, '0011111116', '1111111116', 'Cobub');

INSERT INTO IMMOBILISATION (ID, ID_COMPTE, NUMERO_INVENTAIRE, COMMENTAIRE, SUBVENTION)
VALUES (0, 0, '0fffa', 'bonjour', 0);
INSERT INTO IMMOBILISATION (ID, ID_COMPTE, NUMERO_INVENTAIRE, COMMENTAIRE, SUBVENTION)
VALUES (1, 3, '0ff45', 'immo', 0);
INSERT INTO IMMOBILISATION (ID, ID_COMPTE, NUMERO_INVENTAIRE, COMMENTAIRE, SUBVENTION)
VALUES (2, 1, '0f-56', 'salut', 0);
INSERT INTO IMMOBILISATION (ID, ID_COMPTE, NUMERO_INVENTAIRE, COMMENTAIRE, SUBVENTION)
VALUES (3, 0, '15AA', 'howyoudoin', 1);
INSERT INTO IMMOBILISATION (ID, ID_COMPTE, NUMERO_INVENTAIRE, COMMENTAIRE, SUBVENTION)
VALUES (4, 2, '12.bF/a', 'yep', 0);

INSERT INTO AMORTISSEMENT (ID_IMMOBILISATION, ANNEE, MONTANT_FOIS_CENT)
VALUES (0, 2014, 10000);
INSERT INTO AMORTISSEMENT (ID_IMMOBILISATION, ANNEE, MONTANT_FOIS_CENT)
VALUES (0, 2015, 10000);
INSERT INTO AMORTISSEMENT (ID_IMMOBILISATION, ANNEE, MONTANT_FOIS_CENT)
VALUES (0, 2016, 10034);
INSERT INTO AMORTISSEMENT (ID_IMMOBILISATION, ANNEE, MONTANT_FOIS_CENT)
VALUES (1, 2015, 50000);
INSERT INTO AMORTISSEMENT (ID_IMMOBILISATION, ANNEE, MONTANT_FOIS_CENT)
VALUES (1, 2016, 50312);
INSERT INTO AMORTISSEMENT (ID_IMMOBILISATION, ANNEE, MONTANT_FOIS_CENT)
VALUES (2, 2014, 100000);
INSERT INTO AMORTISSEMENT (ID_IMMOBILISATION, ANNEE, MONTANT_FOIS_CENT)
VALUES (2, 2015, 100000);
INSERT INTO AMORTISSEMENT (ID_IMMOBILISATION, ANNEE, MONTANT_FOIS_CENT)
VALUES (2, 2016, 100200);
INSERT INTO AMORTISSEMENT (ID_IMMOBILISATION, ANNEE, MONTANT_FOIS_CENT)
VALUES (3, 2011, 85000);
INSERT INTO AMORTISSEMENT (ID_IMMOBILISATION, ANNEE, MONTANT_FOIS_CENT)
VALUES (3, 2012, 85000);
INSERT INTO AMORTISSEMENT (ID_IMMOBILISATION, ANNEE, MONTANT_FOIS_CENT)
VALUES (3, 2013, 85240);
INSERT INTO AMORTISSEMENT (ID_IMMOBILISATION, ANNEE, MONTANT_FOIS_CENT)
VALUES (4, 2016, 90000);
INSERT INTO AMORTISSEMENT (ID_IMMOBILISATION, ANNEE, MONTANT_FOIS_CENT)
VALUES (4, 2017, 90000);
INSERT INTO AMORTISSEMENT (ID_IMMOBILISATION, ANNEE, MONTANT_FOIS_CENT)
VALUES (4, 2018, 90000);
INSERT INTO AMORTISSEMENT (ID_IMMOBILISATION, ANNEE, MONTANT_FOIS_CENT)
VALUES (4, 2019, 92500);